{"cameraMode":{"drawMode":0,"name":"Shaded","section":"Shading Mode"},"sceneLighting":true,"audioPlay":false,"sceneViewState":{"m_AlwaysRefresh":false,"showFog":true,"showSkybox":true,"showFlares":true,"showImageEffects":true,"showParticleSystems":true,"showVisualEffectGraphs":true,"m_FxEnabled":true},"in2DMode":false,"pivot":{"x":2.0615286827087404,"y":1.0534645318984986,"z":35.67506408691406},"rotation":{"x":-0.027858806774020196,"y":-0.05036789923906326,"z":0.0014046488795429469,"w":-0.9983571171760559},"size":15.675738334655762,"orthographic":false}