{"cameraMode":{"drawMode":0,"name":"Shaded","section":"Shading Mode"},"sceneLighting":true,"audioPlay":false,"sceneViewState":{"m_AlwaysRefresh":false,"showFog":true,"showSkybox":true,"showFlares":true,"showImageEffects":true,"showParticleSystems":true,"showVisualEffectGraphs":true,"m_FxEnabled":true},"in2DMode":false,"pivot":{"x":-0.4129999876022339,"y":1.3890000581741334,"z":1.4429999589920045},"rotation":{"x":-0.3502955436706543,"y":0.007580976001918316,"z":-0.0028321112040430309,"w":-0.936609148979187},"size":0.8660253882408142,"orthographic":false}